<?xml version="1.0" encoding="UTF-8"?>
<project-private xmlns="http://www.netbeans.org/ns/project-private/1">
    <editor-bookmarks xmlns="http://www.netbeans.org/ns/editor-bookmarks/2" lastBookmarkId="0"/>
    <open-files xmlns="http://www.netbeans.org/ns/projectui-open-files/2">
        <group>
            <file>file:/D:/KULIAH/PBO/TUBES/TubesPBO/Perpustakaan/src/Model/Pengembalian.java</file>
            <file>file:/D:/KULIAH/PBO/TUBES/TubesPBO/Perpustakaan/src/View/Perpustakaan.java</file>
            <file>file:/D:/KULIAH/PBO/TUBES/TubesPBO/Perpustakaan/src/View/MemberSection.java</file>
            <file>file:/D:/KULIAH/PBO/TUBES/TubesPBO/Perpustakaan/src/Controller/Database.java</file>
            <file>file:/D:/KULIAH/PBO/TUBES/TubesPBO/Perpustakaan/src/Model/Peminjaman.java</file>
            <file>file:/D:/KULIAH/PBO/TUBES/TubesPBO/Perpustakaan/src/Controller/ControllerRegister.java</file>
            <file>file:/D:/KULIAH/PBO/TUBES/TubesPBO/Perpustakaan/src/Model/Member.java</file>
            <file>file:/D:/KULIAH/PBO/TUBES/TubesPBO/Perpustakaan/src/Model/Buku.java</file>
            <file>file:/D:/KULIAH/PBO/TUBES/TubesPBO/Perpustakaan/src/Controller/ControllerPerpustakaan.java</file>
        </group>
    </open-files>
</project-private>
